"","Cluster","nome_coluna","V1"
"1",1,"RESERVED.EXPRESSION.UPDATED.global.error; RESERVED.PARAMETER_DECLARATION.INSERTED.global.error; METHOD.METHOD_CALL.INSERTED.global.exec; RESERVED.EXCEPTION_CATCH.REMOVED.global.error; RESERVED.ARGUMENT.REMOVED.global.error; RESERVED.ASSIGNMENT_RHS.UPDATED.global.error; METHOD.METHOD_CALL.REMOVED.global.exec; RESERVED.ASSIGNMENT_LHS.UPDATED.global.error; RESERVED.METHOD_CALL.REMOVED.global.error; RESERVED.VARIABLE_DECLARATION.REMOVED.global.error; RESERVED.METHOD_CALL.UPDATED.global.error;  
""RESERVED.STATEMENT.INSERTED.global.new; METHOD.METHOD_CALL.UPDATED.global.exec; RESERVED.ASSIGNMENT_LHS.INSERTED.global.new; RESERVED.ASSIGNMENT_LHS.REMOVED.global.import; RESERVED.ASSIGNMENT_RHS.REMOVED.global.import; RESERVED.CONDITION.REMOVED.global.new; RESERVED.STATEMENT.UPDATED.global.new",22
"2",1,"RESERVED.EXPRESSION.UPDATED.global.error; RESERVED.PARAMETER_DECLARATION.INSERTED.global.error; METHOD.METHOD_CALL.INSERTED.global.exec; RESERVED.EXCEPTION_CATCH.REMOVED.global.error; RESERVED.ARGUMENT.REMOVED.global.error; RESERVED.ASSIGNMENT_RHS.UPDATED.global.error; METHOD.METHOD_CALL.REMOVED.global.exec; RESERVED.ASSIGNMENT_LHS.UPDATED.global.error; RESERVED.METHOD_CALL.REMOVED.global.error; RESERVED.VARIABLE_DECLARATION.REMOVED.global.error; RESERVED.METHOD_CALL.UPDATED.global.error;  
""RESERVED.STATEMENT.INSERTED.global.new; METHOD.METHOD_CALL.UPDATED.global.exec; RESERVED.ASSIGNMENT_LHS.INSERTED.global.new; RESERVED.ASSIGNMENT_LHS.REMOVED.global.import; RESERVED.ASSIGNMENT_RHS.REMOVED.global.import; RESERVED.CONDITION.REMOVED.global.new; RESERVED.STATEMENT.UPDATED.global.new",17
"3",1,"RESERVED.EXPRESSION.UPDATED.global.error; RESERVED.PARAMETER_DECLARATION.INSERTED.global.error; METHOD.METHOD_CALL.INSERTED.global.exec; RESERVED.EXCEPTION_CATCH.REMOVED.global.error; RESERVED.ARGUMENT.REMOVED.global.error; RESERVED.ASSIGNMENT_RHS.UPDATED.global.error; METHOD.METHOD_CALL.REMOVED.global.exec; RESERVED.ASSIGNMENT_LHS.UPDATED.global.error; RESERVED.METHOD_CALL.REMOVED.global.error; RESERVED.VARIABLE_DECLARATION.REMOVED.global.error; RESERVED.METHOD_CALL.UPDATED.global.error;  
""RESERVED.STATEMENT.INSERTED.global.new; METHOD.METHOD_CALL.UPDATED.global.exec; RESERVED.ASSIGNMENT_LHS.INSERTED.global.new; RESERVED.ASSIGNMENT_LHS.REMOVED.global.import; RESERVED.ASSIGNMENT_RHS.REMOVED.global.import; RESERVED.CONDITION.REMOVED.global.new; RESERVED.STATEMENT.UPDATED.global.new",16
"4",1,"RESERVED.EXPRESSION.UPDATED.global.error; RESERVED.PARAMETER_DECLARATION.INSERTED.global.error; METHOD.METHOD_CALL.INSERTED.global.exec; RESERVED.EXCEPTION_CATCH.REMOVED.global.error; RESERVED.ARGUMENT.REMOVED.global.error; RESERVED.ASSIGNMENT_RHS.UPDATED.global.error; METHOD.METHOD_CALL.REMOVED.global.exec; RESERVED.ASSIGNMENT_LHS.UPDATED.global.error; RESERVED.METHOD_CALL.REMOVED.global.error; RESERVED.VARIABLE_DECLARATION.REMOVED.global.error; RESERVED.METHOD_CALL.UPDATED.global.error;  
""RESERVED.STATEMENT.INSERTED.global.new; METHOD.METHOD_CALL.UPDATED.global.exec; RESERVED.ASSIGNMENT_LHS.INSERTED.global.new; RESERVED.ASSIGNMENT_LHS.REMOVED.global.import; RESERVED.ASSIGNMENT_RHS.REMOVED.global.import; RESERVED.CONDITION.REMOVED.global.new; RESERVED.STATEMENT.UPDATED.global.new",9
"5",1,"RESERVED.EXPRESSION.UPDATED.global.error; RESERVED.PARAMETER_DECLARATION.INSERTED.global.error; METHOD.METHOD_CALL.INSERTED.global.exec; RESERVED.EXCEPTION_CATCH.REMOVED.global.error; RESERVED.ARGUMENT.REMOVED.global.error; RESERVED.ASSIGNMENT_RHS.UPDATED.global.error; METHOD.METHOD_CALL.REMOVED.global.exec; RESERVED.ASSIGNMENT_LHS.UPDATED.global.error; RESERVED.METHOD_CALL.REMOVED.global.error; RESERVED.VARIABLE_DECLARATION.REMOVED.global.error; RESERVED.METHOD_CALL.UPDATED.global.error;  
""RESERVED.STATEMENT.INSERTED.global.new; METHOD.METHOD_CALL.UPDATED.global.exec; RESERVED.ASSIGNMENT_LHS.INSERTED.global.new; RESERVED.ASSIGNMENT_LHS.REMOVED.global.import; RESERVED.ASSIGNMENT_RHS.REMOVED.global.import; RESERVED.CONDITION.REMOVED.global.new; RESERVED.STATEMENT.UPDATED.global.new",5
"6",1,"RESERVED.EXPRESSION.UPDATED.global.error; RESERVED.PARAMETER_DECLARATION.INSERTED.global.error; METHOD.METHOD_CALL.INSERTED.global.exec; RESERVED.EXCEPTION_CATCH.REMOVED.global.error; RESERVED.ARGUMENT.REMOVED.global.error; RESERVED.ASSIGNMENT_RHS.UPDATED.global.error; METHOD.METHOD_CALL.REMOVED.global.exec; RESERVED.ASSIGNMENT_LHS.UPDATED.global.error; RESERVED.METHOD_CALL.REMOVED.global.error; RESERVED.VARIABLE_DECLARATION.REMOVED.global.error; RESERVED.METHOD_CALL.UPDATED.global.error;  
""RESERVED.STATEMENT.INSERTED.global.new; METHOD.METHOD_CALL.UPDATED.global.exec; RESERVED.ASSIGNMENT_LHS.INSERTED.global.new; RESERVED.ASSIGNMENT_LHS.REMOVED.global.import; RESERVED.ASSIGNMENT_RHS.REMOVED.global.import; RESERVED.CONDITION.REMOVED.global.new; RESERVED.STATEMENT.UPDATED.global.new",4
"7",1,"RESERVED.EXPRESSION.UPDATED.global.error; RESERVED.PARAMETER_DECLARATION.INSERTED.global.error; METHOD.METHOD_CALL.INSERTED.global.exec; RESERVED.EXCEPTION_CATCH.REMOVED.global.error; RESERVED.ARGUMENT.REMOVED.global.error; RESERVED.ASSIGNMENT_RHS.UPDATED.global.error; METHOD.METHOD_CALL.REMOVED.global.exec; RESERVED.ASSIGNMENT_LHS.UPDATED.global.error; RESERVED.METHOD_CALL.REMOVED.global.error; RESERVED.VARIABLE_DECLARATION.REMOVED.global.error; RESERVED.METHOD_CALL.UPDATED.global.error;  
""RESERVED.STATEMENT.INSERTED.global.new; METHOD.METHOD_CALL.UPDATED.global.exec; RESERVED.ASSIGNMENT_LHS.INSERTED.global.new; RESERVED.ASSIGNMENT_LHS.REMOVED.global.import; RESERVED.ASSIGNMENT_RHS.REMOVED.global.import; RESERVED.CONDITION.REMOVED.global.new; RESERVED.STATEMENT.UPDATED.global.new",3
"8",1,"RESERVED.EXPRESSION.UPDATED.global.error; RESERVED.PARAMETER_DECLARATION.INSERTED.global.error; METHOD.METHOD_CALL.INSERTED.global.exec; RESERVED.EXCEPTION_CATCH.REMOVED.global.error; RESERVED.ARGUMENT.REMOVED.global.error; RESERVED.ASSIGNMENT_RHS.UPDATED.global.error; METHOD.METHOD_CALL.REMOVED.global.exec; RESERVED.ASSIGNMENT_LHS.UPDATED.global.error; RESERVED.METHOD_CALL.REMOVED.global.error; RESERVED.VARIABLE_DECLARATION.REMOVED.global.error; RESERVED.METHOD_CALL.UPDATED.global.error;  
""RESERVED.STATEMENT.INSERTED.global.new; METHOD.METHOD_CALL.UPDATED.global.exec; RESERVED.ASSIGNMENT_LHS.INSERTED.global.new; RESERVED.ASSIGNMENT_LHS.REMOVED.global.import; RESERVED.ASSIGNMENT_RHS.REMOVED.global.import; RESERVED.CONDITION.REMOVED.global.new; RESERVED.STATEMENT.UPDATED.global.new",2
"9",1,"RESERVED.EXPRESSION.UPDATED.global.error; RESERVED.PARAMETER_DECLARATION.INSERTED.global.error; METHOD.METHOD_CALL.INSERTED.global.exec; RESERVED.EXCEPTION_CATCH.REMOVED.global.error; RESERVED.ARGUMENT.REMOVED.global.error; RESERVED.ASSIGNMENT_RHS.UPDATED.global.error; METHOD.METHOD_CALL.REMOVED.global.exec; RESERVED.ASSIGNMENT_LHS.UPDATED.global.error; RESERVED.METHOD_CALL.REMOVED.global.error; RESERVED.VARIABLE_DECLARATION.REMOVED.global.error; RESERVED.METHOD_CALL.UPDATED.global.error;  
""RESERVED.STATEMENT.INSERTED.global.new; METHOD.METHOD_CALL.UPDATED.global.exec; RESERVED.ASSIGNMENT_LHS.INSERTED.global.new; RESERVED.ASSIGNMENT_LHS.REMOVED.global.import; RESERVED.ASSIGNMENT_RHS.REMOVED.global.import; RESERVED.CONDITION.REMOVED.global.new; RESERVED.STATEMENT.UPDATED.global.new",1
"10",2,"RESERVED.CONDITION.REMOVED.global.falsey; RESERVED.STATEMENT.UPDATED.global.var; METHOD.METHOD_CALL.REMOVED.global.exec; RESERVED.ASSIGNMENT_LHS.INSERTED.global.new",34
"11",2,"RESERVED.CONDITION.REMOVED.global.falsey; RESERVED.STATEMENT.UPDATED.global.var; METHOD.METHOD_CALL.REMOVED.global.exec; RESERVED.ASSIGNMENT_LHS.INSERTED.global.new",1
"12",3,"RESERVED.CONDITION.REMOVED.global.falsey; RESERVED.ASSIGNMENT_LHS.INSERTED.global.new; METHOD.METHOD_CALL.REMOVED.global.exec; RESERVED.PARAMETER_DECLARATION.INSERTED.global.error",185
"13",3,"RESERVED.CONDITION.REMOVED.global.falsey; RESERVED.ASSIGNMENT_LHS.INSERTED.global.new; METHOD.METHOD_CALL.REMOVED.global.exec; RESERVED.PARAMETER_DECLARATION.INSERTED.global.error",4
"14",3,"RESERVED.CONDITION.REMOVED.global.falsey; RESERVED.ASSIGNMENT_LHS.INSERTED.global.new; METHOD.METHOD_CALL.REMOVED.global.exec; RESERVED.PARAMETER_DECLARATION.INSERTED.global.error",1
"15",4,"RESERVED.CONDITION.INSERTED.global.falsey; RESERVED.STATEMENT.INSERTED.global.new; RESERVED.STATEMENT.UPDATED.global.new; RESERVED.EXPRESSION.UPDATED.global.error; RESERVED.ASSIGNMENT_LHS.INSERTED.global.new; METHOD.METHOD_CALL.INSERTED.global.exec; RESERVED.ARGUMENT.REMOVED.global.error; RESERVED.ASSIGNMENT_RHS.UPDATED.global.error; RESERVED.STATEMENT.REMOVED.global.new",816
"16",4,"RESERVED.CONDITION.INSERTED.global.falsey; RESERVED.STATEMENT.INSERTED.global.new; RESERVED.STATEMENT.UPDATED.global.new; RESERVED.EXPRESSION.UPDATED.global.error; RESERVED.ASSIGNMENT_LHS.INSERTED.global.new; METHOD.METHOD_CALL.INSERTED.global.exec; RESERVED.ARGUMENT.REMOVED.global.error; RESERVED.ASSIGNMENT_RHS.UPDATED.global.error; RESERVED.STATEMENT.REMOVED.global.new",14
"17",4,"RESERVED.CONDITION.INSERTED.global.falsey; RESERVED.STATEMENT.INSERTED.global.new; RESERVED.STATEMENT.UPDATED.global.new; RESERVED.EXPRESSION.UPDATED.global.error; RESERVED.ASSIGNMENT_LHS.INSERTED.global.new; METHOD.METHOD_CALL.INSERTED.global.exec; RESERVED.ARGUMENT.REMOVED.global.error; RESERVED.ASSIGNMENT_RHS.UPDATED.global.error; RESERVED.STATEMENT.REMOVED.global.new",7
"18",4,"RESERVED.CONDITION.INSERTED.global.falsey; RESERVED.STATEMENT.INSERTED.global.new; RESERVED.STATEMENT.UPDATED.global.new; RESERVED.EXPRESSION.UPDATED.global.error; RESERVED.ASSIGNMENT_LHS.INSERTED.global.new; METHOD.METHOD_CALL.INSERTED.global.exec; RESERVED.ARGUMENT.REMOVED.global.error; RESERVED.ASSIGNMENT_RHS.UPDATED.global.error; RESERVED.STATEMENT.REMOVED.global.new",5
"19",4,"RESERVED.CONDITION.INSERTED.global.falsey; RESERVED.STATEMENT.INSERTED.global.new; RESERVED.STATEMENT.UPDATED.global.new; RESERVED.EXPRESSION.UPDATED.global.error; RESERVED.ASSIGNMENT_LHS.INSERTED.global.new; METHOD.METHOD_CALL.INSERTED.global.exec; RESERVED.ARGUMENT.REMOVED.global.error; RESERVED.ASSIGNMENT_RHS.UPDATED.global.error; RESERVED.STATEMENT.REMOVED.global.new",2
"20",4,"RESERVED.CONDITION.INSERTED.global.falsey; RESERVED.STATEMENT.INSERTED.global.new; RESERVED.STATEMENT.UPDATED.global.new; RESERVED.EXPRESSION.UPDATED.global.error; RESERVED.ASSIGNMENT_LHS.INSERTED.global.new; METHOD.METHOD_CALL.INSERTED.global.exec; RESERVED.ARGUMENT.REMOVED.global.error; RESERVED.ASSIGNMENT_RHS.UPDATED.global.error; RESERVED.STATEMENT.REMOVED.global.new",1
"21",5,"RESERVED.CONDITION.INSERTED.global.falsey; RESERVED.STATEMENT.UPDATED.global.var; RESERVED.STATEMENT.INSERTED.global.new; RESERVED.STATEMENT.UPDATED.global.new; RESERVED.ARGUMENT.REMOVED.global.error",153
"22",5,"RESERVED.CONDITION.INSERTED.global.falsey; RESERVED.STATEMENT.UPDATED.global.var; RESERVED.STATEMENT.INSERTED.global.new; RESERVED.STATEMENT.UPDATED.global.new; RESERVED.ARGUMENT.REMOVED.global.error",3
"23",5,"RESERVED.CONDITION.INSERTED.global.falsey; RESERVED.STATEMENT.UPDATED.global.var; RESERVED.STATEMENT.INSERTED.global.new; RESERVED.STATEMENT.UPDATED.global.new; RESERVED.ARGUMENT.REMOVED.global.error",1
"24",6,"RESERVED.STATEMENT.INSERTED.global.var; RESERVED.STATEMENT.REMOVED.global.new",27
"25",6,"RESERVED.STATEMENT.INSERTED.global.var; RESERVED.STATEMENT.REMOVED.global.new",1
"26",7,"METHOD.METHOD_CALL.INSERTED.global.test; RESERVED.STATEMENT.UPDATED.global.var; RESERVED.STATEMENT.UPDATED.global.new",24
"27",7,"METHOD.METHOD_CALL.INSERTED.global.test; RESERVED.STATEMENT.UPDATED.global.var; RESERVED.STATEMENT.UPDATED.global.new",2
"28",8,"RESERVED.CONDITION.INSERTED.global.true; RESERVED.STATEMENT.UPDATED.global.new; METHOD.METHOD_CALL.INSERTED.global.exec; METHOD.METHOD_CALL.REMOVED.global.exec",182
"29",8,"RESERVED.CONDITION.INSERTED.global.true; RESERVED.STATEMENT.UPDATED.global.new; METHOD.METHOD_CALL.INSERTED.global.exec; METHOD.METHOD_CALL.REMOVED.global.exec",3
"30",8,"RESERVED.CONDITION.INSERTED.global.true; RESERVED.STATEMENT.UPDATED.global.new; METHOD.METHOD_CALL.INSERTED.global.exec; METHOD.METHOD_CALL.REMOVED.global.exec",2
"31",8,"RESERVED.CONDITION.INSERTED.global.true; RESERVED.STATEMENT.UPDATED.global.new; METHOD.METHOD_CALL.INSERTED.global.exec; METHOD.METHOD_CALL.REMOVED.global.exec",1
"32",9,"RESERVED.CONDITION.REMOVED.global.error; RESERVED.EXPRESSION.UPDATED.global.error; RESERVED.METHOD_CALL.REMOVED.global.error; RESERVED.EXCEPTION_CATCH.REMOVED.global.error",45
"33",9,"RESERVED.CONDITION.REMOVED.global.error; RESERVED.EXPRESSION.UPDATED.global.error; RESERVED.METHOD_CALL.REMOVED.global.error; RESERVED.EXCEPTION_CATCH.REMOVED.global.error",6
"34",9,"RESERVED.CONDITION.REMOVED.global.error; RESERVED.EXPRESSION.UPDATED.global.error; RESERVED.METHOD_CALL.REMOVED.global.error; RESERVED.EXCEPTION_CATCH.REMOVED.global.error",4
"35",9,"RESERVED.CONDITION.REMOVED.global.error; RESERVED.EXPRESSION.UPDATED.global.error; RESERVED.METHOD_CALL.REMOVED.global.error; RESERVED.EXCEPTION_CATCH.REMOVED.global.error",1
"36",10,"RESERVED.CONDITION.INSERTED.global.sheq; RESERVED.STATEMENT.INSERTED.global.var; RESERVED.STATEMENT.INSERTED.global.new; RESERVED.STATEMENT.UPDATED.global.new",12
"37",10,"RESERVED.CONDITION.INSERTED.global.sheq; RESERVED.STATEMENT.INSERTED.global.var; RESERVED.STATEMENT.INSERTED.global.new; RESERVED.STATEMENT.UPDATED.global.new",1
"38",12,"METHOD.METHOD_CALL.INSERTED.global.replace; RESERVED.STATEMENT.UPDATED.global.var; RESERVED.STATEMENT.UPDATED.global.new; RESERVED.ASSIGNMENT_LHS.INSERTED.global.new; RESERVED.STATEMENT.INSERTED.global.new",34
"39",12,"METHOD.METHOD_CALL.INSERTED.global.replace; RESERVED.STATEMENT.UPDATED.global.var; RESERVED.STATEMENT.UPDATED.global.new; RESERVED.ASSIGNMENT_LHS.INSERTED.global.new; RESERVED.STATEMENT.INSERTED.global.new",2
"40",12,"METHOD.METHOD_CALL.INSERTED.global.replace; RESERVED.STATEMENT.UPDATED.global.var; RESERVED.STATEMENT.UPDATED.global.new; RESERVED.ASSIGNMENT_LHS.INSERTED.global.new; RESERVED.STATEMENT.INSERTED.global.new",1
"41",13,"RESERVED.CONDITION.INSERTED.global.falsey; RESERVED.STATEMENT.INSERTED.global.return; RESERVED.STATEMENT.REMOVED.global.return; RESERVED.ASSIGNMENT_LHS.INSERTED.global.new; RESERVED.STATEMENT.INSERTED.global.new",22
"42",13,"RESERVED.CONDITION.INSERTED.global.falsey; RESERVED.STATEMENT.INSERTED.global.return; RESERVED.STATEMENT.REMOVED.global.return; RESERVED.ASSIGNMENT_LHS.INSERTED.global.new; RESERVED.STATEMENT.INSERTED.global.new",1
"43",14,"RESERVED.ASSIGNMENT_RHS.INSERTED.global.false; RESERVED.EXPRESSION.UPDATED.global.error; RESERVED.STATEMENT.UPDATED.global.new; RESERVED.VARIABLE_DECLARATION.INSERTED.global.error",82
"44",14,"RESERVED.ASSIGNMENT_RHS.INSERTED.global.false; RESERVED.EXPRESSION.UPDATED.global.error; RESERVED.STATEMENT.UPDATED.global.new; RESERVED.VARIABLE_DECLARATION.INSERTED.global.error",1
"45",15,"FIELD.ASSIGNMENT_RHS.INSERTED.global.length; RESERVED.CONDITION.REMOVED.global.typeof; RESERVED.STATEMENT.INSERTED.global.new",19
"46",15,"FIELD.ASSIGNMENT_RHS.INSERTED.global.length; RESERVED.CONDITION.REMOVED.global.typeof; RESERVED.STATEMENT.INSERTED.global.new",1
"47",16,"FIELD.METHOD_CALL.REMOVED.global.global",9
"48",17,"RESERVED.CONDITION.INSERTED.global.falsey; RESERVED.STATEMENT.INSERTED.global.return; RESERVED.STATEMENT.INSERTED.global.new; METHOD.METHOD_CALL.INSERTED.global.charCodeAt; RESERVED.ARGUMENT.REMOVED.global.error; RESERVED.ASSIGNMENT_LHS.INSERTED.global.new",116
"49",17,"RESERVED.CONDITION.INSERTED.global.falsey; RESERVED.STATEMENT.INSERTED.global.return; RESERVED.STATEMENT.INSERTED.global.new; METHOD.METHOD_CALL.INSERTED.global.charCodeAt; RESERVED.ARGUMENT.REMOVED.global.error; RESERVED.ASSIGNMENT_LHS.INSERTED.global.new",4
"50",17,"RESERVED.CONDITION.INSERTED.global.falsey; RESERVED.STATEMENT.INSERTED.global.return; RESERVED.STATEMENT.INSERTED.global.new; METHOD.METHOD_CALL.INSERTED.global.charCodeAt; RESERVED.ARGUMENT.REMOVED.global.error; RESERVED.ASSIGNMENT_LHS.INSERTED.global.new",1
"51",18,"RESERVED.ASSIGNMENT_RHS.INSERTED.global.null; RESERVED.CONDITION.REMOVED.global.typeof; RESERVED.STATEMENT.INSERTED.global.new",25
"52",18,"RESERVED.ASSIGNMENT_RHS.INSERTED.global.null; RESERVED.CONDITION.REMOVED.global.typeof; RESERVED.STATEMENT.INSERTED.global.new",2
"53",19,"RESERVED.CONDITION.INSERTED.global.sheq; RESERVED.STATEMENT.UPDATED.global.var; RESERVED.EXPRESSION.UPDATED.global.error; RESERVED.STATEMENT.INSERTED.global.new; RESERVED.STATEMENT.UPDATED.global.new",22
"54",19,"RESERVED.CONDITION.INSERTED.global.sheq; RESERVED.STATEMENT.UPDATED.global.var; RESERVED.EXPRESSION.UPDATED.global.error; RESERVED.STATEMENT.INSERTED.global.new; RESERVED.STATEMENT.UPDATED.global.new",1
"55",20,"RESERVED.ARGUMENT.REMOVED.global.this; RESERVED.STATEMENT.UPDATED.global.new",18
"56",20,"RESERVED.ARGUMENT.REMOVED.global.this; RESERVED.STATEMENT.UPDATED.global.new",1
"57",21,"RESERVED.CONDITION.INSERTED.global.sheq; RESERVED.CONDITION.REMOVED.global.typeof; RESERVED.STATEMENT.INSERTED.global.new; METHOD.METHOD_CALL.INSERTED.global.exec; RESERVED.EXCEPTION_CATCH.REMOVED.global.error; RESERVED.PARAMETER_DECLARATION.INSERTED.global.error; RESERVED.STATEMENT.UPDATED.global.new",94
"58",21,"RESERVED.CONDITION.INSERTED.global.sheq; RESERVED.CONDITION.REMOVED.global.typeof; RESERVED.STATEMENT.INSERTED.global.new; METHOD.METHOD_CALL.INSERTED.global.exec; RESERVED.EXCEPTION_CATCH.REMOVED.global.error; RESERVED.PARAMETER_DECLARATION.INSERTED.global.error; RESERVED.STATEMENT.UPDATED.global.new",13
"59",21,"RESERVED.CONDITION.INSERTED.global.sheq; RESERVED.CONDITION.REMOVED.global.typeof; RESERVED.STATEMENT.INSERTED.global.new; METHOD.METHOD_CALL.INSERTED.global.exec; RESERVED.EXCEPTION_CATCH.REMOVED.global.error; RESERVED.PARAMETER_DECLARATION.INSERTED.global.error; RESERVED.STATEMENT.UPDATED.global.new",2
"60",21,"RESERVED.CONDITION.INSERTED.global.sheq; RESERVED.CONDITION.REMOVED.global.typeof; RESERVED.STATEMENT.INSERTED.global.new; METHOD.METHOD_CALL.INSERTED.global.exec; RESERVED.EXCEPTION_CATCH.REMOVED.global.error; RESERVED.PARAMETER_DECLARATION.INSERTED.global.error; RESERVED.STATEMENT.UPDATED.global.new",1
"61",22,"RESERVED.ASSIGNMENT_RHS.REMOVED.global.true; RESERVED.ASSIGNMENT_LHS.INSERTED.global.new; RESERVED.ASSIGNMENT_LHS.UPDATED.global.error; RESERVED.STATEMENT.UPDATED.global.new",60
"62",22,"RESERVED.ASSIGNMENT_RHS.REMOVED.global.true; RESERVED.ASSIGNMENT_LHS.INSERTED.global.new; RESERVED.ASSIGNMENT_LHS.UPDATED.global.error; RESERVED.STATEMENT.UPDATED.global.new",1
"63",23,"RESERVED.METHOD_CALL.INSERTED.global.this; RESERVED.STATEMENT.UPDATED.global.new; RESERVED.STATEMENT.INSERTED.global.new",60
"64",23,"RESERVED.METHOD_CALL.INSERTED.global.this; RESERVED.STATEMENT.UPDATED.global.new; RESERVED.STATEMENT.INSERTED.global.new",2
"65",23,"RESERVED.METHOD_CALL.INSERTED.global.this; RESERVED.STATEMENT.UPDATED.global.new; RESERVED.STATEMENT.INSERTED.global.new",1
"66",24,"RESERVED.ASSIGNMENT_RHS.INSERTED.global.false; RESERVED.STATEMENT.UPDATED.global.var; RESERVED.STATEMENT.UPDATED.global.new; RESERVED.ASSIGNMENT_LHS.INSERTED.global.new; RESERVED.STATEMENT.INSERTED.global.new",22
"67",24,"RESERVED.ASSIGNMENT_RHS.INSERTED.global.false; RESERVED.STATEMENT.UPDATED.global.var; RESERVED.STATEMENT.UPDATED.global.new; RESERVED.ASSIGNMENT_LHS.INSERTED.global.new; RESERVED.STATEMENT.INSERTED.global.new",3
"68",24,"RESERVED.ASSIGNMENT_RHS.INSERTED.global.false; RESERVED.STATEMENT.UPDATED.global.var; RESERVED.STATEMENT.UPDATED.global.new; RESERVED.ASSIGNMENT_LHS.INSERTED.global.new; RESERVED.STATEMENT.INSERTED.global.new",1
"69",25,"METHOD.METHOD_CALL.INSERTED.global.concat; RESERVED.STATEMENT.INSERTED.global.new; RESERVED.STATEMENT.UPDATED.global.new",7
"70",25,"METHOD.METHOD_CALL.INSERTED.global.concat; RESERVED.STATEMENT.INSERTED.global.new; RESERVED.STATEMENT.UPDATED.global.new",1
"71",26,"RESERVED.ASSIGNMENT_RHS.REMOVED.global.false; RESERVED.EXCEPTION_CATCH.REMOVED.global.error; RESERVED.STATEMENT.UPDATED.global.new",36
"72",26,"RESERVED.ASSIGNMENT_RHS.REMOVED.global.false; RESERVED.EXCEPTION_CATCH.REMOVED.global.error; RESERVED.STATEMENT.UPDATED.global.new",1
"73",27,"FIELD.CONDITION.INSERTED.global.length; RESERVED.STATEMENT.UPDATED.global.new",15
"74",27,"FIELD.CONDITION.INSERTED.global.length; RESERVED.STATEMENT.UPDATED.global.new",1
"75",28,"METHOD.METHOD_CALL.INSERTED.global.replace; RESERVED.EXPRESSION.UPDATED.global.error; RESERVED.METHOD_CALL.REMOVED.global.error; RESERVED.STATEMENT.UPDATED.global.new",72
"76",28,"METHOD.METHOD_CALL.INSERTED.global.replace; RESERVED.EXPRESSION.UPDATED.global.error; RESERVED.METHOD_CALL.REMOVED.global.error; RESERVED.STATEMENT.UPDATED.global.new",2
"77",28,"METHOD.METHOD_CALL.INSERTED.global.replace; RESERVED.EXPRESSION.UPDATED.global.error; RESERVED.METHOD_CALL.REMOVED.global.error; RESERVED.STATEMENT.UPDATED.global.new",1
"78",30,"RESERVED.STATEMENT.INSERTED.global.new; RESERVED.STATEMENT.UPDATED.global.new; RESERVED.STATEMENT.REMOVED.global.new; RESERVED.EXPRESSION.UPDATED.global.error",3
"79",30,"RESERVED.STATEMENT.INSERTED.global.new; RESERVED.STATEMENT.UPDATED.global.new; RESERVED.STATEMENT.REMOVED.global.new; RESERVED.EXPRESSION.UPDATED.global.error",2
"80",30,"RESERVED.STATEMENT.INSERTED.global.new; RESERVED.STATEMENT.UPDATED.global.new; RESERVED.STATEMENT.REMOVED.global.new; RESERVED.EXPRESSION.UPDATED.global.error",1
"81",31,"RESERVED.ASSIGNMENT_RHS.REMOVED.global.true; RESERVED.CONDITION.REMOVED.global.falsey",6
"82",32,"RESERVED.CONDITION.INSERTED.global.true",5
"83",33,"RESERVED.STATEMENT.UPDATED.global.var; RESERVED.STATEMENT.UPDATED.global.new; RESERVED.ASSIGNMENT_LHS.INSERTED.global.new; RESERVED.STATEMENT.INSERTED.global.new",39
"84",33,"RESERVED.STATEMENT.UPDATED.global.var; RESERVED.STATEMENT.UPDATED.global.new; RESERVED.ASSIGNMENT_LHS.INSERTED.global.new; RESERVED.STATEMENT.INSERTED.global.new",4
"85",33,"RESERVED.STATEMENT.UPDATED.global.var; RESERVED.STATEMENT.UPDATED.global.new; RESERVED.ASSIGNMENT_LHS.INSERTED.global.new; RESERVED.STATEMENT.INSERTED.global.new",1
"86",34,"METHOD.METHOD_CALL.INSERTED.global.map",6
"87",35,"RESERVED.CONDITION.INSERTED.global.falsey",9
"88",36,"RESERVED.ASSIGNMENT_RHS.INSERTED.global.false; RESERVED.ASSIGNMENT_RHS.REMOVED.global.true; RESERVED.STATEMENT.UPDATED.global.new",25
"89",36,"RESERVED.ASSIGNMENT_RHS.INSERTED.global.false; RESERVED.ASSIGNMENT_RHS.REMOVED.global.true; RESERVED.STATEMENT.UPDATED.global.new",1
"90",37,"RESERVED.CONDITION.INSERTED.global.falsey; RESERVED.STATEMENT.UPDATED.global.return; RESERVED.STATEMENT.UPDATED.global.new",60
"91",37,"RESERVED.CONDITION.INSERTED.global.falsey; RESERVED.STATEMENT.UPDATED.global.return; RESERVED.STATEMENT.UPDATED.global.new",4
"92",38,"RESERVED.STATEMENT.REMOVED.global.new",1
"93",39,"RESERVED.ARGUMENT.INSERTED.global.this; RESERVED.STATEMENT.INSERTED.global.new; RESERVED.STATEMENT.UPDATED.global.new; RESERVED.ASSIGNMENT_LHS.INSERTED.global.new",135
"94",39,"RESERVED.ARGUMENT.INSERTED.global.this; RESERVED.STATEMENT.INSERTED.global.new; RESERVED.STATEMENT.UPDATED.global.new; RESERVED.ASSIGNMENT_LHS.INSERTED.global.new",7
"95",39,"RESERVED.ARGUMENT.INSERTED.global.this; RESERVED.STATEMENT.INSERTED.global.new; RESERVED.STATEMENT.UPDATED.global.new; RESERVED.ASSIGNMENT_LHS.INSERTED.global.new",2
"96",39,"RESERVED.ARGUMENT.INSERTED.global.this; RESERVED.STATEMENT.INSERTED.global.new; RESERVED.STATEMENT.UPDATED.global.new; RESERVED.ASSIGNMENT_LHS.INSERTED.global.new",1
"97",40,"RESERVED.CONDITION.INSERTED.global.true; RESERVED.STATEMENT.UPDATED.global.var; RESERVED.STATEMENT.UPDATED.global.new",37
"98",40,"RESERVED.CONDITION.INSERTED.global.true; RESERVED.STATEMENT.UPDATED.global.var; RESERVED.STATEMENT.UPDATED.global.new",11
"99",41,"FIELD.ASSIGNMENT_RHS.INSERTED.global.length",24
"100",42,"RESERVED.CONDITION.INSERTED.global.eq; RESERVED.EXPRESSION.UPDATED.global.error; RESERVED.STATEMENT.UPDATED.global.new",66
"101",42,"RESERVED.CONDITION.INSERTED.global.eq; RESERVED.EXPRESSION.UPDATED.global.error; RESERVED.STATEMENT.UPDATED.global.new",1
"102",43,"FIELD.ASSIGNMENT_RHS.INSERTED.global.name",5
"103",45,"METHOD.METHOD_CALL.INSERTED.global.toLowerCase",14
"104",46,"RESERVED.ASSIGNMENT_RHS.INSERTED.global.this",44
"105",47,"RESERVED.CONDITION.REMOVED.global.typeof; RESERVED.EXPRESSION.UPDATED.global.error",16
"106",47,"RESERVED.CONDITION.REMOVED.global.typeof; RESERVED.EXPRESSION.UPDATED.global.error",1
"107",48,"RESERVED.ASSIGNMENT_RHS.REMOVED.global.null; RESERVED.ASSIGNMENT_RHS.UPDATED.global.error; RESERVED.STATEMENT.INSERTED.global.new",17
"108",48,"RESERVED.ASSIGNMENT_RHS.REMOVED.global.null; RESERVED.ASSIGNMENT_RHS.UPDATED.global.error; RESERVED.STATEMENT.INSERTED.global.new",1
"109",49,"RESERVED.CONDITION.REMOVED.global.undefined",6
"110",50,"RESERVED.STATEMENT.INSERTED.global.var; RESERVED.EXCEPTION_CATCH.REMOVED.global.error; RESERVED.ASSIGNMENT_LHS.REMOVED.global.error; RESERVED.EXPRESSION.UPDATED.global.error; METHOD.METHOD_CALL.INSERTED.global.exec; RESERVED.PARAMETER_DECLARATION.INSERTED.global.error; RESERVED.STATEMENT.INSERTED.global.new",11
"111",50,"RESERVED.STATEMENT.INSERTED.global.var; RESERVED.EXCEPTION_CATCH.REMOVED.global.error; RESERVED.ASSIGNMENT_LHS.REMOVED.global.error; RESERVED.EXPRESSION.UPDATED.global.error; METHOD.METHOD_CALL.INSERTED.global.exec; RESERVED.PARAMETER_DECLARATION.INSERTED.global.error; RESERVED.STATEMENT.INSERTED.global.new",5
"112",50,"RESERVED.STATEMENT.INSERTED.global.var; RESERVED.EXCEPTION_CATCH.REMOVED.global.error; RESERVED.ASSIGNMENT_LHS.REMOVED.global.error; RESERVED.EXPRESSION.UPDATED.global.error; METHOD.METHOD_CALL.INSERTED.global.exec; RESERVED.PARAMETER_DECLARATION.INSERTED.global.error; RESERVED.STATEMENT.INSERTED.global.new",3
"113",50,"RESERVED.STATEMENT.INSERTED.global.var; RESERVED.EXCEPTION_CATCH.REMOVED.global.error; RESERVED.ASSIGNMENT_LHS.REMOVED.global.error; RESERVED.EXPRESSION.UPDATED.global.error; METHOD.METHOD_CALL.INSERTED.global.exec; RESERVED.PARAMETER_DECLARATION.INSERTED.global.error; RESERVED.STATEMENT.INSERTED.global.new",1
"114",51,"RESERVED.CONDITION.INSERTED.global.null",32
"115",52,"RESERVED.VARIABLE_DECLARATION.UPDATED.global.error; RESERVED.ASSIGNMENT_RHS.UPDATED.global.error; METHOD.METHOD_CALL.INSERTED.global.exec; RESERVED.ARGUMENT.REMOVED.global.error; RESERVED.PARAMETER_DECLARATION.INSERTED.global.error",37
"116",52,"RESERVED.VARIABLE_DECLARATION.UPDATED.global.error; RESERVED.ASSIGNMENT_RHS.UPDATED.global.error; METHOD.METHOD_CALL.INSERTED.global.exec; RESERVED.ARGUMENT.REMOVED.global.error; RESERVED.PARAMETER_DECLARATION.INSERTED.global.error",2
"117",52,"RESERVED.VARIABLE_DECLARATION.UPDATED.global.error; RESERVED.ASSIGNMENT_RHS.UPDATED.global.error; METHOD.METHOD_CALL.INSERTED.global.exec; RESERVED.ARGUMENT.REMOVED.global.error; RESERVED.PARAMETER_DECLARATION.INSERTED.global.error",1
"118",53,"RESERVED.CONDITION.INSERTED.global.falsey; RESERVED.STATEMENT.INSERTED.global.var; RESERVED.STATEMENT.INSERTED.global.new; RESERVED.STATEMENT.UPDATED.global.new",82
"119",53,"RESERVED.CONDITION.INSERTED.global.falsey; RESERVED.STATEMENT.INSERTED.global.var; RESERVED.STATEMENT.INSERTED.global.new; RESERVED.STATEMENT.UPDATED.global.new",1
"120",54,"METHOD.METHOD_CALL.INSERTED.global.replace; RESERVED.STATEMENT.UPDATED.global.return; RESERVED.STATEMENT.UPDATED.global.new",22
"121",54,"METHOD.METHOD_CALL.INSERTED.global.replace; RESERVED.STATEMENT.UPDATED.global.return; RESERVED.STATEMENT.UPDATED.global.new",1
"122",55,"RESERVED.CONDITION.INSERTED.global.sheq; RESERVED.STATEMENT.INSERTED.global.new; RESERVED.EXPRESSION.UPDATED.global.error",135
"123",55,"RESERVED.CONDITION.INSERTED.global.sheq; RESERVED.STATEMENT.INSERTED.global.new; RESERVED.EXPRESSION.UPDATED.global.error",4
"124",55,"RESERVED.CONDITION.INSERTED.global.sheq; RESERVED.STATEMENT.INSERTED.global.new; RESERVED.EXPRESSION.UPDATED.global.error",1
"125",56,"RESERVED.CONDITION.INSERTED.global.falsey; RESERVED.STATEMENT.INSERTED.global.return; RESERVED.STATEMENT.INSERTED.global.var; RESERVED.STATEMENT.INSERTED.global.new",10
"126",56,"RESERVED.CONDITION.INSERTED.global.falsey; RESERVED.STATEMENT.INSERTED.global.return; RESERVED.STATEMENT.INSERTED.global.var; RESERVED.STATEMENT.INSERTED.global.new",2
"127",57,"METHOD.METHOD_CALL.INSERTED.global.push; RESERVED.CONDITION.INSERTED.global.falsey; RESERVED.STATEMENT.INSERTED.global.new",8
"128",57,"METHOD.METHOD_CALL.INSERTED.global.push; RESERVED.CONDITION.INSERTED.global.falsey; RESERVED.STATEMENT.INSERTED.global.new",1
"129",58,"METHOD.METHOD_CALL.INSERTED.global.hasOwnProperty; RESERVED.CONDITION.INSERTED.global.falsey",11
"130",59,"METHOD.METHOD_CALL.INSERTED.global.test; RESERVED.STATEMENT.INSERTED.global.return",5
"131",60,"RESERVED.PARAMETER_DECLARATION.UPDATED.global.error; RESERVED.STATEMENT.INSERTED.global.try; RESERVED.EXCEPTION_CATCH.REMOVED.global.error; RESERVED.EXPRESSION.UPDATED.global.error; RESERVED.ARGUMENT.REMOVED.global.error",55
"132",60,"RESERVED.PARAMETER_DECLARATION.UPDATED.global.error; RESERVED.STATEMENT.INSERTED.global.try; RESERVED.EXCEPTION_CATCH.REMOVED.global.error; RESERVED.EXPRESSION.UPDATED.global.error; RESERVED.ARGUMENT.REMOVED.global.error",2
"133",60,"RESERVED.PARAMETER_DECLARATION.UPDATED.global.error; RESERVED.STATEMENT.INSERTED.global.try; RESERVED.EXCEPTION_CATCH.REMOVED.global.error; RESERVED.EXPRESSION.UPDATED.global.error; RESERVED.ARGUMENT.REMOVED.global.error",1
"134",61,"RESERVED.ASSIGNMENT_LHS.INSERTED.global.new; RESERVED.STATEMENT.UPDATED.global.new",1
"135",62,"RESERVED.ARGUMENT.INSERTED.global.null; RESERVED.ASSIGNMENT_LHS.INSERTED.global.new",28
"136",62,"RESERVED.ARGUMENT.INSERTED.global.null; RESERVED.ASSIGNMENT_LHS.INSERTED.global.new",1
"137",63,"RESERVED.CONDITION.INSERTED.global.eq; RESERVED.CONDITION.REMOVED.global.typeof",28
"138",65,"RESERVED.ASSIGNMENT_RHS.INSERTED.global.false; RESERVED.ASSIGNMENT_RHS.REMOVED.global.true; RESERVED.STATEMENT.UPDATED.global.var; RESERVED.STATEMENT.UPDATED.global.new",5
"139",65,"RESERVED.ASSIGNMENT_RHS.INSERTED.global.false; RESERVED.ASSIGNMENT_RHS.REMOVED.global.true; RESERVED.STATEMENT.UPDATED.global.var; RESERVED.STATEMENT.UPDATED.global.new",1
"140",66,"RESERVED.ASSIGNMENT_RHS.REMOVED.global.error; RESERVED.CONDITION.INSERTED.global.sheq",6
"141",67,"RESERVED.ASSIGNMENT_RHS.REMOVED.global.false; RESERVED.CONDITION.INSERTED.global.true",25
"142",68,"METHOD.METHOD_CALL.INSERTED.global.push",26
"143",69,"RESERVED.ASSIGNMENT_LHS.REMOVED.global.this; RESERVED.STATEMENT.REMOVED.global.var",7
"144",70,"RESERVED.ARGUMENT.INSERTED.global.false",6
"145",71,"METHOD.METHOD_CALL.INSERTED.global.parseInt; RESERVED.STATEMENT.UPDATED.global.new",7
"146",71,"METHOD.METHOD_CALL.INSERTED.global.parseInt; RESERVED.STATEMENT.UPDATED.global.new",1
"147",72,"METHOD.METHOD_CALL.INSERTED.global.trim; RESERVED.STATEMENT.UPDATED.global.new",10
"148",72,"METHOD.METHOD_CALL.INSERTED.global.trim; RESERVED.STATEMENT.UPDATED.global.new",1
"149",73,"RESERVED.CONDITION.INSERTED.global.sheq; RESERVED.STATEMENT.INSERTED.global.return; RESERVED.STATEMENT.INSERTED.global.new",30
"150",73,"RESERVED.CONDITION.INSERTED.global.sheq; RESERVED.STATEMENT.INSERTED.global.return; RESERVED.STATEMENT.INSERTED.global.new",1
"151",75,"METHOD.METHOD_CALL.REMOVED.global.replace; RESERVED.STATEMENT.UPDATED.global.return",9
"152",76,"RESERVED.CONDITION.REMOVED.global.falsey",36
"153",77,"FIELD.ASSIGNMENT_RHS.UPDATED.global.length",5
"154",78,"RESERVED.CONDITION.INSERTED.global.falsey; RESERVED.CONDITION.REMOVED.global.falsey; RESERVED.STATEMENT.INSERTED.global.new; RESERVED.ASSIGNMENT_LHS.INSERTED.global.new; RESERVED.PARAMETER_DECLARATION.INSERTED.global.error; RESERVED.STATEMENT.UPDATED.global.new",98
"155",78,"RESERVED.CONDITION.INSERTED.global.falsey; RESERVED.CONDITION.REMOVED.global.falsey; RESERVED.STATEMENT.INSERTED.global.new; RESERVED.ASSIGNMENT_LHS.INSERTED.global.new; RESERVED.PARAMETER_DECLARATION.INSERTED.global.error; RESERVED.STATEMENT.UPDATED.global.new",2
"156",78,"RESERVED.CONDITION.INSERTED.global.falsey; RESERVED.CONDITION.REMOVED.global.falsey; RESERVED.STATEMENT.INSERTED.global.new; RESERVED.ASSIGNMENT_LHS.INSERTED.global.new; RESERVED.PARAMETER_DECLARATION.INSERTED.global.error; RESERVED.STATEMENT.UPDATED.global.new",1
"157",79,"METHOD.METHOD_CALL.REMOVED.global.forEach",6
"158",80,"RESERVED.CONDITION.REMOVED.global.null",15
"159",81,"RESERVED.ARGUMENT.INSERTED.global.false; METHOD.METHOD_CALL.UPDATED.global.exec",10
"160",81,"RESERVED.ARGUMENT.INSERTED.global.false; METHOD.METHOD_CALL.UPDATED.global.exec",1
"161",82,"RESERVED.STATEMENT.INSERTED.global.return; RESERVED.STATEMENT.INSERTED.global.var; RESERVED.STATEMENT.REMOVED.global.return; RESERVED.STATEMENT.REMOVED.global.new",5
"162",82,"RESERVED.STATEMENT.INSERTED.global.return; RESERVED.STATEMENT.INSERTED.global.var; RESERVED.STATEMENT.REMOVED.global.return; RESERVED.STATEMENT.REMOVED.global.new",1
"163",83,"RESERVED.METHOD_CALL.REMOVED.global.this; RESERVED.ASSIGNMENT_LHS.INSERTED.global.new",55
"164",83,"RESERVED.METHOD_CALL.REMOVED.global.this; RESERVED.ASSIGNMENT_LHS.INSERTED.global.new",1
"165",84,"RESERVED.ARGUMENT.INSERTED.global.callback",5
"166",86,"RESERVED.CONDITION.INSERTED.global.falsey; RESERVED.CONDITION.REMOVED.global.falsey; RESERVED.STATEMENT.INSERTED.global.return",7
"167",87,"RESERVED.CONDITION.INSERTED.global.sheq; RESERVED.CONDITION.REMOVED.global.eq",31
"168",89,"RESERVED.CONDITION.INSERTED.global.falsey; RESERVED.CONDITION.INSERTED.global.sheq",10
"169",90,"RESERVED.STATEMENT.INSERTED.global.return; RESERVED.STATEMENT.INSERTED.global.new; RESERVED.ASSIGNMENT_LHS.INSERTED.global.new",16
"170",90,"RESERVED.STATEMENT.INSERTED.global.return; RESERVED.STATEMENT.INSERTED.global.new; RESERVED.ASSIGNMENT_LHS.INSERTED.global.new",2
"171",90,"RESERVED.STATEMENT.INSERTED.global.return; RESERVED.STATEMENT.INSERTED.global.new; RESERVED.ASSIGNMENT_LHS.INSERTED.global.new",1
"172",91,"METHOD.METHOD_CALL.INSERTED.global.filter",16
"173",92,"RESERVED.ARGUMENT.INSERTED.global.null; RESERVED.CONDITION.INSERTED.global.falsey; RESERVED.EXPRESSION.INSERTED.global.callback; RESERVED.STATEMENT.INSERTED.global.return",5
"174",93,"METHOD.METHOD_CALL.INSERTED.global.forEach; RESERVED.STATEMENT.INSERTED.global.new",17
"175",93,"METHOD.METHOD_CALL.INSERTED.global.forEach; RESERVED.STATEMENT.INSERTED.global.new",1
"176",94,"RESERVED.CONDITION.REMOVED.global.sheq",40
"177",95,"RESERVED.ASSIGNMENT_RHS.INSERTED.global.false; RESERVED.CONDITION.INSERTED.global.true",8
"178",96,"RESERVED.CONDITION.INSERTED.global.falsey; RESERVED.STATEMENT.INSERTED.global.var; RESERVED.STATEMENT.UPDATED.global.var; RESERVED.STATEMENT.UPDATED.global.new",20
"179",96,"RESERVED.CONDITION.INSERTED.global.falsey; RESERVED.STATEMENT.INSERTED.global.var; RESERVED.STATEMENT.UPDATED.global.var; RESERVED.STATEMENT.UPDATED.global.new",1
"180",97,"RESERVED.ASSIGNMENT_RHS.INSERTED.global.undefined; RESERVED.CONDITION.INSERTED.global.falsey; RESERVED.CONDITION.REMOVED.global.typeof",6
"181",98,"RESERVED.ASSIGNMENT_RHS.INSERTED.global.undefined; RESERVED.CONDITION.REMOVED.global.typeof; RESERVED.STATEMENT.INSERTED.global.new",39
"182",98,"RESERVED.ASSIGNMENT_RHS.INSERTED.global.undefined; RESERVED.CONDITION.REMOVED.global.typeof; RESERVED.STATEMENT.INSERTED.global.new",1
"183",99,"RESERVED.EXPRESSION.REMOVED.global.error; RESERVED.STATEMENT.UPDATED.global.new; RESERVED.EXPRESSION.UPDATED.global.error; RESERVED.METHOD_CALL.REMOVED.global.error; RESERVED.STATEMENT.INSERTED.global.new; RESERVED.VARIABLE_DECLARATION.REMOVED.global.error",10
"184",99,"RESERVED.EXPRESSION.REMOVED.global.error; RESERVED.STATEMENT.UPDATED.global.new; RESERVED.EXPRESSION.UPDATED.global.error; RESERVED.METHOD_CALL.REMOVED.global.error; RESERVED.STATEMENT.INSERTED.global.new; RESERVED.VARIABLE_DECLARATION.REMOVED.global.error",2
"185",99,"RESERVED.EXPRESSION.REMOVED.global.error; RESERVED.STATEMENT.UPDATED.global.new; RESERVED.EXPRESSION.UPDATED.global.error; RESERVED.METHOD_CALL.REMOVED.global.error; RESERVED.STATEMENT.INSERTED.global.new; RESERVED.VARIABLE_DECLARATION.REMOVED.global.error",1
"186",100,"RESERVED.CONDITION.INSERTED.global.falsey; RESERVED.EXPRESSION.INSERTED.global.callback; RESERVED.STATEMENT.INSERTED.global.return; RESERVED.STATEMENT.INSERTED.global.new",17
"187",100,"RESERVED.CONDITION.INSERTED.global.falsey; RESERVED.EXPRESSION.INSERTED.global.callback; RESERVED.STATEMENT.INSERTED.global.return; RESERVED.STATEMENT.INSERTED.global.new",4
"188",102,"RESERVED.CONDITION.INSERTED.global.sheq",6
"189",103,"METHOD.METHOD_CALL.INSERTED.global.indexOf",11
"190",104,"METHOD.METHOD_CALL.REMOVED.global.to; RESERVED.ASSIGNMENT_LHS.INSERTED.global.new; RESERVED.PARAMETER_DECLARATION.INSERTED.global.error",6
"191",104,"METHOD.METHOD_CALL.REMOVED.global.to; RESERVED.ASSIGNMENT_LHS.INSERTED.global.new; RESERVED.PARAMETER_DECLARATION.INSERTED.global.error",1
"192",105,"RESERVED.ASSIGNMENT_RHS.INSERTED.global.false; RESERVED.CONDITION.INSERTED.global.falsey; RESERVED.CONDITION.INSERTED.global.true; RESERVED.STATEMENT.INSERTED.global.var; RESERVED.EXPRESSION.UPDATED.global.error",10
"193",105,"RESERVED.ASSIGNMENT_RHS.INSERTED.global.false; RESERVED.CONDITION.INSERTED.global.falsey; RESERVED.CONDITION.INSERTED.global.true; RESERVED.STATEMENT.INSERTED.global.var; RESERVED.EXPRESSION.UPDATED.global.error",1
"194",106,"RESERVED.CONDITION.REMOVED.global.error; RESERVED.PARAMETER_DECLARATION.UPDATED.global.error; RESERVED.STATEMENT.INSERTED.global.try; RESERVED.EXPRESSION.UPDATED.global.error; RESERVED.ASSIGNMENT_RHS.UPDATED.global.error; RESERVED.METHOD_CALL.REMOVED.global.error",12
"195",106,"RESERVED.CONDITION.REMOVED.global.error; RESERVED.PARAMETER_DECLARATION.UPDATED.global.error; RESERVED.STATEMENT.INSERTED.global.try; RESERVED.EXPRESSION.UPDATED.global.error; RESERVED.ASSIGNMENT_RHS.UPDATED.global.error; RESERVED.METHOD_CALL.REMOVED.global.error",3
"196",106,"RESERVED.CONDITION.REMOVED.global.error; RESERVED.PARAMETER_DECLARATION.UPDATED.global.error; RESERVED.STATEMENT.INSERTED.global.try; RESERVED.EXPRESSION.UPDATED.global.error; RESERVED.ASSIGNMENT_RHS.UPDATED.global.error; RESERVED.METHOD_CALL.REMOVED.global.error",1
"197",107,"RESERVED.CONDITION.REMOVED.global.typeof; RESERVED.STATEMENT.INSERTED.global.return",7
"198",108,"METHOD.METHOD_CALL.INSERTED.global.to; RESERVED.STATEMENT.INSERTED.global.new",10
"199",108,"METHOD.METHOD_CALL.INSERTED.global.to; RESERVED.STATEMENT.INSERTED.global.new",1
"200",109,"RESERVED.ASSIGNMENT_RHS.INSERTED.global.true; RESERVED.CONDITION.INSERTED.global.sheq",10
"201",110,"RESERVED.ARGUMENT.REMOVED.global.true; RESERVED.ASSIGNMENT_LHS.INSERTED.global.new",17
"202",110,"RESERVED.ARGUMENT.REMOVED.global.true; RESERVED.ASSIGNMENT_LHS.INSERTED.global.new",2
"203",111,"RESERVED.CONDITION.INSERTED.global.false; RESERVED.CONDITION.INSERTED.global.sheq",12
"204",112,"METHOD.METHOD_CALL.INSERTED.global.slice",8
"205",113,"RESERVED.EXPRESSION.INSERTED.global.this; RESERVED.STATEMENT.UPDATED.global.new",10
"206",113,"RESERVED.EXPRESSION.INSERTED.global.this; RESERVED.STATEMENT.UPDATED.global.new",2
"207",115,"METHOD.METHOD_CALL.REMOVED.global.bind",7
"208",116,"RESERVED.ASSIGNMENT_LHS.INSERTED.global.this; RESERVED.STATEMENT.INSERTED.global.new; RESERVED.STATEMENT.UPDATED.global.new",43
"209",116,"RESERVED.ASSIGNMENT_LHS.INSERTED.global.this; RESERVED.STATEMENT.INSERTED.global.new; RESERVED.STATEMENT.UPDATED.global.new",2
"210",117,"METHOD.METHOD_CALL.INSERTED.global.bind; RESERVED.ASSIGNMENT_LHS.INSERTED.global.this",9
"211",118,"RESERVED.CONDITION.INSERTED.global.falsey; RESERVED.METHOD_CALL.INSERTED.global.this",7
"212",119,"METHOD.METHOD_CALL.INSERTED.global.split; RESERVED.STATEMENT.UPDATED.global.new",9
"213",119,"METHOD.METHOD_CALL.INSERTED.global.split; RESERVED.STATEMENT.UPDATED.global.new",1
"214",120,"RESERVED.CONDITION.INSERTED.global.falsey; RESERVED.CONDITION.INSERTED.global.true",13
"215",121,"RESERVED.ARGUMENT.INSERTED.global.this; RESERVED.STATEMENT.UPDATED.global.var; RESERVED.STATEMENT.UPDATED.global.new; RESERVED.ASSIGNMENT_LHS.INSERTED.global.new; RESERVED.STATEMENT.INSERTED.global.new",15
"216",121,"RESERVED.ARGUMENT.INSERTED.global.this; RESERVED.STATEMENT.UPDATED.global.var; RESERVED.STATEMENT.UPDATED.global.new; RESERVED.ASSIGNMENT_LHS.INSERTED.global.new; RESERVED.STATEMENT.INSERTED.global.new",2
"217",121,"RESERVED.ARGUMENT.INSERTED.global.this; RESERVED.STATEMENT.UPDATED.global.var; RESERVED.STATEMENT.UPDATED.global.new; RESERVED.ASSIGNMENT_LHS.INSERTED.global.new; RESERVED.STATEMENT.INSERTED.global.new",1
"218",122,"RESERVED.CONDITION.INSERTED.global.falsey; RESERVED.STATEMENT.INSERTED.global.var; RESERVED.STATEMENT.REMOVED.global.var; RESERVED.STATEMENT.INSERTED.global.new; METHOD.METHOD_CALL.INSERTED.global.exec; RESERVED.ASSIGNMENT_LHS.INSERTED.global.new",16
"219",122,"RESERVED.CONDITION.INSERTED.global.falsey; RESERVED.STATEMENT.INSERTED.global.var; RESERVED.STATEMENT.REMOVED.global.var; RESERVED.STATEMENT.INSERTED.global.new; METHOD.METHOD_CALL.INSERTED.global.exec; RESERVED.ASSIGNMENT_LHS.INSERTED.global.new",2
"220",122,"RESERVED.CONDITION.INSERTED.global.falsey; RESERVED.STATEMENT.INSERTED.global.var; RESERVED.STATEMENT.REMOVED.global.var; RESERVED.STATEMENT.INSERTED.global.new; METHOD.METHOD_CALL.INSERTED.global.exec; RESERVED.ASSIGNMENT_LHS.INSERTED.global.new",1
"221",123,"RESERVED.CONDITION.INSERTED.global.eq; RESERVED.CONDITION.REMOVED.global.sheq",19
"222",124,"RESERVED.CONDITION.INSERTED.global.falsey; RESERVED.CONDITION.INSERTED.global.null",8
"223",126,"METHOD.METHOD_CALL.INSERTED.global.bind",22
"224",127,"RESERVED.ARGUMENT.INSERTED.global.this; RESERVED.CONDITION.INSERTED.global.falsey",11
"225",128,"RESERVED.CONDITION.INSERTED.global.sheq; RESERVED.EXPRESSION.REMOVED.global.this",6
"226",129,"RESERVED.CONDITION.INSERTED.global.falsey; METHOD.METHOD_CALL.INSERTED.global.exec; RESERVED.ASSIGNMENT_LHS.INSERTED.global.new; RESERVED.STATEMENT.UPDATED.global.new",15
"227",129,"RESERVED.CONDITION.INSERTED.global.falsey; METHOD.METHOD_CALL.INSERTED.global.exec; RESERVED.ASSIGNMENT_LHS.INSERTED.global.new; RESERVED.STATEMENT.UPDATED.global.new",2
"228",129,"RESERVED.CONDITION.INSERTED.global.falsey; METHOD.METHOD_CALL.INSERTED.global.exec; RESERVED.ASSIGNMENT_LHS.INSERTED.global.new; RESERVED.STATEMENT.UPDATED.global.new",1
"229",130,"RESERVED.ASSIGNMENT_LHS.REMOVED.global.this; RESERVED.ASSIGNMENT_LHS.INSERTED.global.new",11
"230",130,"RESERVED.ASSIGNMENT_LHS.REMOVED.global.this; RESERVED.ASSIGNMENT_LHS.INSERTED.global.new",1
"231",131,"FIELD.CONDITION.REMOVED.global.prototype",11
"232",133,"METHOD.METHOD_CALL.REMOVED.global.replace",15
"233",134,"RESERVED.ASSIGNMENT_RHS.REMOVED.global.this; RESERVED.ASSIGNMENT_LHS.INSERTED.global.new",27
"234",134,"RESERVED.ASSIGNMENT_RHS.REMOVED.global.this; RESERVED.ASSIGNMENT_LHS.INSERTED.global.new",2
"235",135,"METHOD.METHOD_CALL.INSERTED.global.match; RESERVED.CONDITION.INSERTED.global.falsey",8
"236",136,"RESERVED.ASSIGNMENT_RHS.INSERTED.global.false; RESERVED.CONDITION.INSERTED.global.falsey",13
"237",137,"RESERVED.ARGUMENT.INSERTED.global.true",28
"238",138,"RESERVED.CONDITION.INSERTED.global.sheq; RESERVED.CONDITION.REMOVED.global.sheq",11
"239",139,"METHOD.METHOD_CALL.INSERTED.global.indexOf; RESERVED.CONDITION.REMOVED.global.typeof; RESERVED.STATEMENT.INSERTED.global.new",5
"240",139,"METHOD.METHOD_CALL.INSERTED.global.indexOf; RESERVED.CONDITION.REMOVED.global.typeof; RESERVED.STATEMENT.INSERTED.global.new",1
"241",140,"METHOD.METHOD_CALL.INSERTED.global.indexOf; RESERVED.CONDITION.INSERTED.global.eq; RESERVED.CONDITION.REMOVED.global.typeof",9
"242",141,"RESERVED.METHOD_CALL.INSERTED.global.catch; RESERVED.ASSIGNMENT_RHS.UPDATED.global.error",8
"243",141,"RESERVED.METHOD_CALL.INSERTED.global.catch; RESERVED.ASSIGNMENT_RHS.UPDATED.global.error",1
"244",143,"RESERVED.CONDITION.INSERTED.global.falsey; RESERVED.CONDITION.REMOVED.global.falsey; RESERVED.STATEMENT.UPDATED.global.var; RESERVED.STATEMENT.REMOVED.global.new; RESERVED.ASSIGNMENT_RHS.UPDATED.global.error; RESERVED.STATEMENT.UPDATED.global.new",27
"245",143,"RESERVED.CONDITION.INSERTED.global.falsey; RESERVED.CONDITION.REMOVED.global.falsey; RESERVED.STATEMENT.UPDATED.global.var; RESERVED.STATEMENT.REMOVED.global.new; RESERVED.ASSIGNMENT_RHS.UPDATED.global.error; RESERVED.STATEMENT.UPDATED.global.new",2
"246",143,"RESERVED.CONDITION.INSERTED.global.falsey; RESERVED.CONDITION.REMOVED.global.falsey; RESERVED.STATEMENT.UPDATED.global.var; RESERVED.STATEMENT.REMOVED.global.new; RESERVED.ASSIGNMENT_RHS.UPDATED.global.error; RESERVED.STATEMENT.UPDATED.global.new",1
"247",144,"CLASS.METHOD_CALL.REMOVED.global.JSON; METHOD.METHOD_CALL.REMOVED.global.ify",10
"248",145,"METHOD.METHOD_CALL.INSERTED.global.test",119
"249",146,"FIELD.ASSIGNMENT_LHS.UPDATED.global.prototype; RESERVED.ARGUMENT.REMOVED.global.error; RESERVED.ASSIGNMENT_LHS.INSERTED.global.new; RESERVED.CONDITION.UPDATED.global.error",95
"250",146,"FIELD.ASSIGNMENT_LHS.UPDATED.global.prototype; RESERVED.ARGUMENT.REMOVED.global.error; RESERVED.ASSIGNMENT_LHS.INSERTED.global.new; RESERVED.CONDITION.UPDATED.global.error",1
"251",147,"RESERVED.CONDITION.INSERTED.global.falsey; RESERVED.CONDITION.REMOVED.global.sheq",8
"252",148,"RESERVED.ARGUMENT.INSERTED.global.typeof",6
"253",150,"RESERVED.ARGUMENT.INSERTED.global.null; RESERVED.STATEMENT.UPDATED.global.return; RESERVED.STATEMENT.UPDATED.global.new",14
"254",150,"RESERVED.ARGUMENT.INSERTED.global.null; RESERVED.STATEMENT.UPDATED.global.return; RESERVED.STATEMENT.UPDATED.global.new",1
"255",151,"RESERVED.CONDITION.INSERTED.global.falsey; RESERVED.CONDITION.INSERTED.global.sheq; RESERVED.CONDITION.REMOVED.global.falsey",6
"256",152,"METHOD.METHOD_CALL.INSERTED.global.toLowerCase; RESERVED.CONDITION.UPDATED.global.sheq",5
"257",153,"RESERVED.STATEMENT.UPDATED.global.var; RESERVED.EXPRESSION.UPDATED.global.error; RESERVED.EXCEPTION_CATCH.REMOVED.global.error; RESERVED.PARAMETER_DECLARATION.INSERTED.global.error; RESERVED.STATEMENT.UPDATED.global.new; RESERVED.METHOD_CALL.REMOVED.global.error; RESERVED.STATEMENT.INSERTED.global.new",10
"258",153,"RESERVED.STATEMENT.UPDATED.global.var; RESERVED.EXPRESSION.UPDATED.global.error; RESERVED.EXCEPTION_CATCH.REMOVED.global.error; RESERVED.PARAMETER_DECLARATION.INSERTED.global.error; RESERVED.STATEMENT.UPDATED.global.new; RESERVED.METHOD_CALL.REMOVED.global.error; RESERVED.STATEMENT.INSERTED.global.new",4
"259",153,"RESERVED.STATEMENT.UPDATED.global.var; RESERVED.EXPRESSION.UPDATED.global.error; RESERVED.EXCEPTION_CATCH.REMOVED.global.error; RESERVED.PARAMETER_DECLARATION.INSERTED.global.error; RESERVED.STATEMENT.UPDATED.global.new; RESERVED.METHOD_CALL.REMOVED.global.error; RESERVED.STATEMENT.INSERTED.global.new",3
"260",153,"RESERVED.STATEMENT.UPDATED.global.var; RESERVED.EXPRESSION.UPDATED.global.error; RESERVED.EXCEPTION_CATCH.REMOVED.global.error; RESERVED.PARAMETER_DECLARATION.INSERTED.global.error; RESERVED.STATEMENT.UPDATED.global.new; RESERVED.METHOD_CALL.REMOVED.global.error; RESERVED.STATEMENT.INSERTED.global.new",2
"261",153,"RESERVED.STATEMENT.UPDATED.global.var; RESERVED.EXPRESSION.UPDATED.global.error; RESERVED.EXCEPTION_CATCH.REMOVED.global.error; RESERVED.PARAMETER_DECLARATION.INSERTED.global.error; RESERVED.STATEMENT.UPDATED.global.new; RESERVED.METHOD_CALL.REMOVED.global.error; RESERVED.STATEMENT.INSERTED.global.new",1
"262",154,"RESERVED.CONDITION.INSERTED.global.eq; RESERVED.STATEMENT.INSERTED.global.return",6
"263",155,"RESERVED.CONDITION.REMOVED.global.sheq; RESERVED.CONDITION.UPDATED.global.typeof",16
"264",156,"RESERVED.CONDITION.REMOVED.global.callback",7
"265",157,"RESERVED.CONDITION.INSERTED.global.sheq; RESERVED.CONDITION.REMOVED.global.falsey; RESERVED.CONDITION.REMOVED.global.typeof",6
"266",158,"METHOD.METHOD_CALL.INSERTED.global.call; RESERVED.ASSIGNMENT_LHS.INSERTED.global.this; RESERVED.ASSIGNMENT_LHS.INSERTED.global.new",5
"267",158,"METHOD.METHOD_CALL.INSERTED.global.call; RESERVED.ASSIGNMENT_LHS.INSERTED.global.this; RESERVED.ASSIGNMENT_LHS.INSERTED.global.new",1
"268",159,"RESERVED.CONDITION.INSERTED.global.sheq; RESERVED.STATEMENT.INSERTED.global.var; RESERVED.STATEMENT.UPDATED.global.var",6
"269",160,"METHOD.METHOD_CALL.INSERTED.global.trim; RESERVED.STATEMENT.UPDATED.global.var",5
"270",162,"RESERVED.STATEMENT.UPDATED.global.return; RESERVED.STATEMENT.UPDATED.global.new",16
"271",162,"RESERVED.STATEMENT.UPDATED.global.return; RESERVED.STATEMENT.UPDATED.global.new",1
"272",163,"RESERVED.ASSIGNMENT_RHS.REMOVED.global.undefined; RESERVED.EXCEPTION_CATCH.REMOVED.global.error",9
"273",163,"RESERVED.ASSIGNMENT_RHS.REMOVED.global.undefined; RESERVED.EXCEPTION_CATCH.REMOVED.global.error",1
"274",164,"RESERVED.CONDITION.INSERTED.global.eq; RESERVED.CONDITION.REMOVED.global.eq",7
"275",166,"METHOD.METHOD_CALL.INSERTED.global.charAt; RESERVED.CONDITION.INSERTED.global.sheq",6
"276",167,"CLASS.METHOD_CALL.INSERTED.global.JSON; METHOD.METHOD_CALL.INSERTED.global.ify",7
"277",168,"METHOD.METHOD_CALL.INSERTED.global.indexOf; RESERVED.CONDITION.INSERTED.global.sheq; RESERVED.EXPRESSION.UPDATED.global.error",11
"278",168,"METHOD.METHOD_CALL.INSERTED.global.indexOf; RESERVED.CONDITION.INSERTED.global.sheq; RESERVED.EXPRESSION.UPDATED.global.error",1
"279",169,"RESERVED.ARGUMENT.UPDATED.global.undefined; RESERVED.ASSIGNMENT_RHS.INSERTED.global.undefined; RESERVED.CONDITION.REMOVED.global.typeof; RESERVED.CONDITION.UPDATED.global.typeof",6
"280",171,"RESERVED.CONDITION.REMOVED.global.sheq; RESERVED.STATEMENT.REMOVED.global.return",6
"281",172,"RESERVED.VARIABLE_DECLARATION.REMOVED.global.undefined",6
"282",173,"RESERVED.CONDITION.INSERTED.global.sheq; RESERVED.STATEMENT.UPDATED.global.return",9
"283",174,"RESERVED.ASSIGNMENT_RHS.REMOVED.global.error; RESERVED.CONDITION.INSERTED.global.falsey; RESERVED.EXCEPTION_CATCH.REMOVED.global.error; RESERVED.METHOD_CALL.REMOVED.global.error; RESERVED.STATEMENT.INSERTED.global.new",15
"284",174,"RESERVED.ASSIGNMENT_RHS.REMOVED.global.error; RESERVED.CONDITION.INSERTED.global.falsey; RESERVED.EXCEPTION_CATCH.REMOVED.global.error; RESERVED.METHOD_CALL.REMOVED.global.error; RESERVED.STATEMENT.INSERTED.global.new",1
"285",175,"RESERVED.ARGUMENT.REMOVED.global.this; RESERVED.STATEMENT.INSERTED.global.var",8
"286",176,"RESERVED.CONDITION.INSERTED.global.falsey; RESERVED.STATEMENT.INSERTED.global.var; RESERVED.STATEMENT.UPDATED.global.return",8
"287",177,"RESERVED.STATEMENT.UPDATED.global.var; RESERVED.STATEMENT.UPDATED.global.new",9
"288",177,"RESERVED.STATEMENT.UPDATED.global.var; RESERVED.STATEMENT.UPDATED.global.new",1
"289",178,"RESERVED.PARAMETER_DECLARATION.INSERTED.global.callback; RESERVED.PARAMETER_DECLARATION.INSERTED.global.error; RESERVED.STATEMENT.UPDATED.global.new",5
"290",178,"RESERVED.PARAMETER_DECLARATION.INSERTED.global.callback; RESERVED.PARAMETER_DECLARATION.INSERTED.global.error; RESERVED.STATEMENT.UPDATED.global.new",1
"291",181,"RESERVED.ARGUMENT.INSERTED.global.null; RESERVED.CONDITION.INSERTED.global.falsey",5
"292",182,"RESERVED.ASSIGNMENT_RHS.INSERTED.global.undefined; RESERVED.CONDITION.REMOVED.global.typeof; RESERVED.STATEMENT.INSERTED.global.return",5
"293",183,"CLASS.METHOD_CALL.INSERTED.global.Array; RESERVED.CONDITION.INSERTED.global.falsey; RESERVED.STATEMENT.INSERTED.global.new",9
"294",183,"CLASS.METHOD_CALL.INSERTED.global.Array; RESERVED.CONDITION.INSERTED.global.falsey; RESERVED.STATEMENT.INSERTED.global.new",1
"295",184,"RESERVED.ARGUMENT.REMOVED.global.this; RESERVED.METHOD_CALL.INSERTED.global.this; RESERVED.STATEMENT.INSERTED.global.new",10
"296",184,"RESERVED.ARGUMENT.REMOVED.global.this; RESERVED.METHOD_CALL.INSERTED.global.this; RESERVED.STATEMENT.INSERTED.global.new",1
"297",185,"RESERVED.ASSIGNMENT_RHS.REMOVED.global.error; RESERVED.CONDITION.INSERTED.global.error; RESERVED.CONDITION.INSERTED.global.falsey; RESERVED.CONDITION.REMOVED.global.falsey; RESERVED.EXCEPTION_CATCH.REMOVED.global.error",5
"298",185,"RESERVED.ASSIGNMENT_RHS.REMOVED.global.error; RESERVED.CONDITION.INSERTED.global.error; RESERVED.CONDITION.INSERTED.global.falsey; RESERVED.CONDITION.REMOVED.global.falsey; RESERVED.EXCEPTION_CATCH.REMOVED.global.error",1
"299",186,"RESERVED.ARGUMENT.REMOVED.global.this; RESERVED.STATEMENT.INSERTED.global.var; RESERVED.ASSIGNMENT_LHS.INSERTED.global.new",12
"300",186,"RESERVED.ARGUMENT.REMOVED.global.this; RESERVED.STATEMENT.INSERTED.global.var; RESERVED.ASSIGNMENT_LHS.INSERTED.global.new",1
"301",188,"RESERVED.ARGUMENT.UPDATED.global.arguments",5
"302",189,"RESERVED.ASSIGNMENT_RHS.INSERTED.global.false; RESERVED.METHOD_CALL.INSERTED.global.this",5
"303",190,"FIELD.ASSIGNMENT_LHS.UPDATED.global.prototype; RESERVED.ARGUMENT.INSERTED.global.this",8
"304",191,"RESERVED.STATEMENT.UPDATED.global.new",4
"305",192,"METHOD.METHOD_CALL.INSERTED.global.isNaN; RESERVED.CONDITION.INSERTED.global.falsey",6
"306",193,"RESERVED.CONDITION.REMOVED.global.falsey; RESERVED.STATEMENT.REMOVED.global.var",11
"307",194,"RESERVED.CONDITION.INSERTED.global.falsey; RESERVED.CONDITION.INSERTED.global.sheq; RESERVED.CONDITION.REMOVED.global.typeof; RESERVED.EXPRESSION.UPDATED.global.error",16
"308",194,"RESERVED.CONDITION.INSERTED.global.falsey; RESERVED.CONDITION.INSERTED.global.sheq; RESERVED.CONDITION.REMOVED.global.typeof; RESERVED.EXPRESSION.UPDATED.global.error",1
"309",195,"RESERVED.CONDITION.REMOVED.global.falsey; RESERVED.STATEMENT.REMOVED.global.return; RESERVED.ASSIGNMENT_LHS.INSERTED.global.new",22
"310",195,"RESERVED.CONDITION.REMOVED.global.falsey; RESERVED.STATEMENT.REMOVED.global.return; RESERVED.ASSIGNMENT_LHS.INSERTED.global.new",3
"311",196,"RESERVED.EXPRESSION.REMOVED.global.this",10
"312",197,"METHOD.METHOD_CALL.INSERTED.global.replace; RESERVED.STATEMENT.INSERTED.global.var",7
"313",198,"RESERVED.CONDITION.INSERTED.global.sheq; RESERVED.CONDITION.REMOVED.global.eq; RESERVED.STATEMENT.UPDATED.global.return",5
"314",199,"RESERVED.ASSIGNMENT_RHS.REMOVED.global.false; RESERVED.CONDITION.INSERTED.global.true; RESERVED.STATEMENT.UPDATED.global.var; RESERVED.STATEMENT.UPDATED.global.new",9
"315",199,"RESERVED.ASSIGNMENT_RHS.REMOVED.global.false; RESERVED.CONDITION.INSERTED.global.true; RESERVED.STATEMENT.UPDATED.global.var; RESERVED.STATEMENT.UPDATED.global.new",1
"316",200,"FIELD.ASSIGNMENT_RHS.INSERTED.global.length; RESERVED.CONDITION.INSERTED.global.falsey; RESERVED.EXPRESSION.UPDATED.global.error",5
"317",200,"FIELD.ASSIGNMENT_RHS.INSERTED.global.length; RESERVED.CONDITION.INSERTED.global.falsey; RESERVED.EXPRESSION.UPDATED.global.error",1
"318",201,"RESERVED.CONDITION.INSERTED.global.false; RESERVED.CONDITION.INSERTED.global.falsey; RESERVED.METHOD_CALL.INSERTED.global.this",5
"319",202,"METHOD.METHOD_CALL.INSERTED.global.; RESERVED.STATEMENT.INSERTED.global.new; RESERVED.STATEMENT.UPDATED.global.new",9
"320",202,"METHOD.METHOD_CALL.INSERTED.global.; RESERVED.STATEMENT.INSERTED.global.new; RESERVED.STATEMENT.UPDATED.global.new",1
"321",203,"METHOD.METHOD_CALL.INSERTED.global.toLowerCase; RESERVED.STATEMENT.UPDATED.global.var",8
"322",204,"RESERVED.CONDITION.INSERTED.global.sheq; RESERVED.CONDITION.REMOVED.global.typeof; RESERVED.STATEMENT.UPDATED.global.var",10
"323",205,"RESERVED.ARGUMENT.UPDATED.global.undefined; RESERVED.CONDITION.UPDATED.global.typeof; RESERVED.ASSIGNMENT_LHS.INSERTED.global.new",9
"324",205,"RESERVED.ARGUMENT.UPDATED.global.undefined; RESERVED.CONDITION.UPDATED.global.typeof; RESERVED.ASSIGNMENT_LHS.INSERTED.global.new",1
"325",206,"RESERVED.CONDITION.REMOVED.global.typeof; RESERVED.CONDITION.UPDATED.global.typeof",11
"326",207,"RESERVED.CONDITION.INSERTED.global.true; RESERVED.METHOD_CALL.INSERTED.global.this; RESERVED.EXCEPTION_CATCH.REMOVED.global.error",11
"327",207,"RESERVED.CONDITION.INSERTED.global.true; RESERVED.METHOD_CALL.INSERTED.global.this; RESERVED.EXCEPTION_CATCH.REMOVED.global.error",1
"328",208,"RESERVED.CONDITION.INSERTED.global.falsey; RESERVED.CONDITION.REMOVED.global.falsey; RESERVED.STATEMENT.REMOVED.global.return",5
"329",209,"FIELD.ASSIGNMENT_LHS.UPDATED.global.prototype; FIELD.METHOD_CALL.UPDATED.global.prototype",6
"330",210,"RESERVED.CONDITION.INSERTED.global.null; RESERVED.STATEMENT.UPDATED.global.var; RESERVED.STATEMENT.UPDATED.global.new",11
"331",210,"RESERVED.CONDITION.INSERTED.global.null; RESERVED.STATEMENT.UPDATED.global.var; RESERVED.STATEMENT.UPDATED.global.new",3
"332",211,"METHOD.METHOD_CALL.INSERTED.global.forEach; METHOD.METHOD_CALL.REMOVED.global.forEach",13
"333",212,"METHOD.METHOD_CALL.INSERTED.global.exec",1
"334",213,"RESERVED.CONDITION.INSERTED.global.falsey; RESERVED.STATEMENT.INSERTED.global.new",7
"335",213,"RESERVED.CONDITION.INSERTED.global.falsey; RESERVED.STATEMENT.INSERTED.global.new",3
"336",214,"RESERVED.CONDITION.INSERTED.global.sheq; RESERVED.CONDITION.REMOVED.global.typeof; RESERVED.STATEMENT.INSERTED.global.return; RESERVED.STATEMENT.INSERTED.global.new",10
"337",214,"RESERVED.CONDITION.INSERTED.global.sheq; RESERVED.CONDITION.REMOVED.global.typeof; RESERVED.STATEMENT.INSERTED.global.return; RESERVED.STATEMENT.INSERTED.global.new",1
"338",215,"RESERVED.CONDITION.INSERTED.global.falsey; RESERVED.CONDITION.UPDATED.global.falsey; RESERVED.STATEMENT.UPDATED.global.var; RESERVED.STATEMENT.UPDATED.global.new",6
"339",215,"RESERVED.CONDITION.INSERTED.global.falsey; RESERVED.CONDITION.UPDATED.global.falsey; RESERVED.STATEMENT.UPDATED.global.var; RESERVED.STATEMENT.UPDATED.global.new",1
"340",216,"RESERVED.PARAMETER_DECLARATION.UPDATED.global.error; RESERVED.STATEMENT.INSERTED.global.return; RESERVED.STATEMENT.INSERTED.global.try",5
"341",219,"RESERVED.CONDITION.INSERTED.global.eq; RESERVED.STATEMENT.UPDATED.global.var",9
"342",220,"RESERVED.CONDITION.INSERTED.global.null; RESERVED.METHOD_CALL.INSERTED.global.this; RESERVED.EXCEPTION_CATCH.REMOVED.global.error",7
"343",220,"RESERVED.CONDITION.INSERTED.global.null; RESERVED.METHOD_CALL.INSERTED.global.this; RESERVED.EXCEPTION_CATCH.REMOVED.global.error",1
"344",222,"RESERVED.CONDITION.INSERTED.global.falsey; RESERVED.STATEMENT.INSERTED.global.return; RESERVED.STATEMENT.INSERTED.global.var; RESERVED.STATEMENT.REMOVED.global.return",5
"345",223,"RESERVED.ASSIGNMENT_RHS.REMOVED.global.true; RESERVED.STATEMENT.UPDATED.global.var",11
"346",224,"RESERVED.METHOD_CALL.UPDATED.global.error; RESERVED.STATEMENT.REMOVED.global.try; RESERVED.ASSIGNMENT_LHS.UPDATED.global.error",6
"347",224,"RESERVED.METHOD_CALL.UPDATED.global.error; RESERVED.STATEMENT.REMOVED.global.try; RESERVED.ASSIGNMENT_LHS.UPDATED.global.error",1
"348",225,"RESERVED.CONDITION.INSERTED.global.falsey; RESERVED.CONDITION.REMOVED.global.falsey; RESERVED.STATEMENT.UPDATED.global.return; RESERVED.CONDITION.UPDATED.global.new; RESERVED.STATEMENT.INSERTED.global.new; RESERVED.STATEMENT.REMOVED.global.new",11
"349",225,"RESERVED.CONDITION.INSERTED.global.falsey; RESERVED.CONDITION.REMOVED.global.falsey; RESERVED.STATEMENT.UPDATED.global.return; RESERVED.CONDITION.UPDATED.global.new; RESERVED.STATEMENT.INSERTED.global.new; RESERVED.STATEMENT.REMOVED.global.new",1
"350",226,"FIELD.CONDITION.REMOVED.global.name; RESERVED.STATEMENT.UPDATED.global.var; RESERVED.STATEMENT.UPDATED.global.new",5
"351",226,"FIELD.CONDITION.REMOVED.global.name; RESERVED.STATEMENT.UPDATED.global.var; RESERVED.STATEMENT.UPDATED.global.new",1
"352",227,"RESERVED.CONDITION.REMOVED.global.eq; METHOD.METHOD_CALL.INSERTED.global.exec",15
"353",227,"RESERVED.CONDITION.REMOVED.global.eq; METHOD.METHOD_CALL.INSERTED.global.exec",1
"354",228,"RESERVED.CONDITION.INSERTED.global.falsey; RESERVED.VARIABLE_DECLARATION.INSERTED.global.callback",8
"355",229,"FIELD.ASSIGNMENT_LHS.UPDATED.global.prototype; RESERVED.STATEMENT.INSERTED.global.var",6
"356",230,"RESERVED.ASSIGNMENT_RHS.INSERTED.global.null; RESERVED.CONDITION.REMOVED.global.typeof; RESERVED.STATEMENT.INSERTED.global.return",10
"357",231,"RESERVED.CONDITION.INSERTED.global.falsey; RESERVED.STATEMENT.INSERTED.global.return; RESERVED.STATEMENT.UPDATED.global.return; RESERVED.STATEMENT.INSERTED.global.new; RESERVED.STATEMENT.UPDATED.global.new",7
"358",231,"RESERVED.CONDITION.INSERTED.global.falsey; RESERVED.STATEMENT.INSERTED.global.return; RESERVED.STATEMENT.UPDATED.global.return; RESERVED.STATEMENT.INSERTED.global.new; RESERVED.STATEMENT.UPDATED.global.new",1
"359",232,"RESERVED.ARGUMENT.INSERTED.global.true; RESERVED.CONDITION.INSERTED.global.falsey",5
"360",233,"RESERVED.ASSIGNMENT_RHS.INSERTED.global.undefined; RESERVED.CONDITION.REMOVED.global.falsey; RESERVED.CONDITION.REMOVED.global.typeof",5
"361",234,"RESERVED.ARGUMENT.INSERTED.global.true; RESERVED.STATEMENT.UPDATED.global.var",8
"362",235,"RESERVED.CONDITION.INSERTED.global.falsey; RESERVED.STATEMENT.INSERTED.global.return; RESERVED.STATEMENT.UPDATED.global.var; RESERVED.STATEMENT.INSERTED.global.new",5
"363",235,"RESERVED.CONDITION.INSERTED.global.falsey; RESERVED.STATEMENT.INSERTED.global.return; RESERVED.STATEMENT.UPDATED.global.var; RESERVED.STATEMENT.INSERTED.global.new",1
"364",236,"RESERVED.ASSIGNMENT_LHS.INSERTED.global.this; RESERVED.METHOD_CALL.INSERTED.global.this",5
"365",238,"RESERVED.CONDITION.INSERTED.global.falsey; RESERVED.CONDITION.UPDATED.global.falsey; RESERVED.STATEMENT.INSERTED.global.new",11
"366",238,"RESERVED.CONDITION.INSERTED.global.falsey; RESERVED.CONDITION.UPDATED.global.falsey; RESERVED.STATEMENT.INSERTED.global.new",1
"367",239,"METHOD.METHOD_CALL.REMOVED.global.toLowerCase",6
"368",240,"RESERVED.STATEMENT.INSERTED.global.var; RESERVED.STATEMENT.UPDATED.global.var",6
"369",241,"RESERVED.CONDITION.UPDATED.global.typeof",7
"370",242,"METHOD.METHOD_CALL.REMOVED.global.test",11
"371",243,"RESERVED.CONDITION.REMOVED.global.falsey; RESERVED.STATEMENT.UPDATED.global.var; RESERVED.STATEMENT.UPDATED.global.new",6
"372",243,"RESERVED.CONDITION.REMOVED.global.falsey; RESERVED.STATEMENT.UPDATED.global.var; RESERVED.STATEMENT.UPDATED.global.new",1
"373",244,"RESERVED.CONDITION.INSERTED.global.true; RESERVED.STATEMENT.UPDATED.global.return; RESERVED.ASSIGNMENT_LHS.INSERTED.global.new; RESERVED.STATEMENT.INSERTED.global.new",6
"374",244,"RESERVED.CONDITION.INSERTED.global.true; RESERVED.STATEMENT.UPDATED.global.return; RESERVED.ASSIGNMENT_LHS.INSERTED.global.new; RESERVED.STATEMENT.INSERTED.global.new",1
"375",245,"RESERVED.ARGUMENT.REMOVED.global.false",7
"376",246,"FIELD.ASSIGNMENT_RHS.REMOVED.global.length",6
"377",247,"METHOD.METHOD_CALL.INSERTED.global.match",5
"378",248,"RESERVED.CONDITION.INSERTED.global.eq; RESERVED.STATEMENT.INSERTED.global.var",5
"379",249,"RESERVED.ASSIGNMENT_RHS.INSERTED.global.null; RESERVED.CONDITION.REMOVED.global.falsey; RESERVED.CONDITION.REMOVED.global.typeof",7
"380",251,"METHOD.METHOD_CALL.INSERTED.global.sort",5
"381",252,"RESERVED.CONDITION.REMOVED.global.falsey; RESERVED.STATEMENT.UPDATED.global.return",13
"382",253,"METHOD.METHOD_CALL.REMOVED.global.push",6
"383",254,"RESERVED.ARGUMENT.REMOVED.global.callback",10
"384",255,"RESERVED.STATEMENT.UPDATED.global.var",6
"385",256,"RESERVED.CONDITION.INSERTED.global.true; RESERVED.STATEMENT.INSERTED.global.var; RESERVED.EXCEPTION_CATCH.REMOVED.global.error",5
"386",256,"RESERVED.CONDITION.INSERTED.global.true; RESERVED.STATEMENT.INSERTED.global.var; RESERVED.EXCEPTION_CATCH.REMOVED.global.error",1
"387",258,"RESERVED.EXCEPTION_CATCH.REMOVED.global.error; RESERVED.EXPRESSION.UPDATED.global.error",1
"388",259,"RESERVED.EXPRESSION.INSERTED.global.callback; RESERVED.STATEMENT.INSERTED.global.return; RESERVED.PARAMETER_DECLARATION.INSERTED.global.error",5
"389",259,"RESERVED.EXPRESSION.INSERTED.global.callback; RESERVED.STATEMENT.INSERTED.global.return; RESERVED.PARAMETER_DECLARATION.INSERTED.global.error",1
"390",260,"RESERVED.ASSIGNMENT_RHS.INSERTED.global.false; RESERVED.CONDITION.INSERTED.global.falsey; RESERVED.CONDITION.INSERTED.global.true; RESERVED.STATEMENT.UPDATED.global.var",5
"391",261,"RESERVED.ASSIGNMENT_RHS.INSERTED.global.null; RESERVED.CONDITION.INSERTED.global.falsey; RESERVED.CONDITION.REMOVED.global.typeof",5
"392",262,"METHOD.METHOD_CALL.INSERTED.global.match; RESERVED.CONDITION.INSERTED.global.falsey; RESERVED.STATEMENT.INSERTED.global.var",5
"393",263,"RESERVED.CONDITION.INSERTED.global.false; RESERVED.CONDITION.INSERTED.global.falsey; RESERVED.STATEMENT.UPDATED.global.var",5
"394",264,"RESERVED.CONDITION.INSERTED.global.eq; RESERVED.STATEMENT.UPDATED.global.return; RESERVED.VARIABLE_DECLARATION.INSERTED.global.error",6
"395",264,"RESERVED.CONDITION.INSERTED.global.eq; RESERVED.STATEMENT.UPDATED.global.return; RESERVED.VARIABLE_DECLARATION.INSERTED.global.error",1
"396",265,"METHOD.METHOD_CALL.INSERTED.global.unshift",7
"397",266,"METHOD.METHOD_CALL.REMOVED.global.unshift",7
"398",267,"RESERVED.PARAMETER_DECLARATION.UPDATED.global.error; RESERVED.STATEMENT.INSERTED.global.try; RESERVED.STATEMENT.UPDATED.global.var; RESERVED.ASSIGNMENT_LHS.INSERTED.global.new",6
"399",267,"RESERVED.PARAMETER_DECLARATION.UPDATED.global.error; RESERVED.STATEMENT.INSERTED.global.try; RESERVED.STATEMENT.UPDATED.global.var; RESERVED.ASSIGNMENT_LHS.INSERTED.global.new",1
"400",268,"RESERVED.EXPRESSION.UPDATED.global.error",1
"401",269,"RESERVED.ASSIGNMENT_RHS.REMOVED.global.error; RESERVED.CONDITION.INSERTED.global.falsey; RESERVED.CONDITION.REMOVED.global.error; RESERVED.EXPRESSION.INSERTED.global.callback; RESERVED.STATEMENT.INSERTED.global.return; RESERVED.METHOD_CALL.REMOVED.global.error",8
"402",269,"RESERVED.ASSIGNMENT_RHS.REMOVED.global.error; RESERVED.CONDITION.INSERTED.global.falsey; RESERVED.CONDITION.REMOVED.global.error; RESERVED.EXPRESSION.INSERTED.global.callback; RESERVED.STATEMENT.INSERTED.global.return; RESERVED.METHOD_CALL.REMOVED.global.error",3
"403",270,"METHOD.METHOD_CALL.INSERTED.global.toLowerCase; RESERVED.STATEMENT.UPDATED.global.return",5
"404",271,"RESERVED.STATEMENT.INSERTED.global.var; RESERVED.STATEMENT.REMOVED.global.var",5
"405",272,"RESERVED.CONDITION.REMOVED.global.falsey; RESERVED.ASSIGNMENT_LHS.INSERTED.global.new",5
"406",272,"RESERVED.CONDITION.REMOVED.global.falsey; RESERVED.ASSIGNMENT_LHS.INSERTED.global.new",1
"407",274,"RESERVED.CONDITION.INSERTED.global.falsey; RESERVED.STATEMENT.UPDATED.global.return; RESERVED.STATEMENT.UPDATED.global.var; RESERVED.STATEMENT.INSERTED.global.new",5
"408",274,"RESERVED.CONDITION.INSERTED.global.falsey; RESERVED.STATEMENT.UPDATED.global.return; RESERVED.STATEMENT.UPDATED.global.var; RESERVED.STATEMENT.INSERTED.global.new",1
"409",275,"FIELD.CONDITION.REMOVED.global.prototype",3
"410",276,"RESERVED.ASSIGNMENT_RHS.REMOVED.global.false; RESERVED.ASSIGNMENT_RHS.REMOVED.global.true",6
"411",277,"RESERVED.CONDITION.INSERTED.global.falsey; RESERVED.CONDITION.INSERTED.global.sheq; RESERVED.STATEMENT.INSERTED.global.return",6
"412",278,"RESERVED.ASSIGNMENT_RHS.INSERTED.global.callback",5
"413",279,"RESERVED.CONDITION.INSERTED.global.falsey; RESERVED.CONDITION.INSERTED.global.sheq; RESERVED.CONDITION.REMOVED.global.falsey; RESERVED.CONDITION.REMOVED.global.typeof; RESERVED.STATEMENT.INSERTED.global.new",5
"414",279,"RESERVED.CONDITION.INSERTED.global.falsey; RESERVED.CONDITION.INSERTED.global.sheq; RESERVED.CONDITION.REMOVED.global.falsey; RESERVED.CONDITION.REMOVED.global.typeof; RESERVED.STATEMENT.INSERTED.global.new",1
"415",280,"RESERVED.EXPRESSION.INSERTED.global.callback",6
"416",281,"RESERVED.CONDITION.INSERTED.global.eq; RESERVED.CONDITION.INSERTED.global.falsey",6
